Timestamp,Action,Case #,Auction Date,Property Address,Final Judgment,Assessed Value,Plaintiff Max Bid,Parcel ID
2026-04-17T07:59:57,NEW,51-2019-CA-001161-CAAX-WS,04/20/2026 11:00 AM ET,"8747 WOLF DEN TR PORT RICHEY, 34668","$246,101.78","$249,860.00","$246,101.78",11-25-16-0130-00000-6510
2026-04-17T07:59:57,NEW,51-2025-CA-001313-CAAX-WS,04/20/2026 11:00 AM ET,"11205 TYLER DRIVE PORT RICHEY, 34668","$309,495.22","$235,209.00","$143,880.00",10-25-16-056A-00000-2470
2026-04-17T07:59:57,NEW,51-2023-CA-000075-CAAX-ES,04/21/2026 11:00 AM ET,"31855 TALLY HO LANE WESLEY CHAPEL, 33543","$196,404.74","$121,780.00",Hidden,15-26-20-002E-01400-0100
2026-04-17T07:59:57,NEW,51-2025-CA-001745-CAAX-WS,04/21/2026 11:00 AM ET,"13743 BRYNDLEWOOD CT HUDSON, 34669","$456,912.28","$372,954.00",Hidden,36-24-16-0170-00000-5230
2026-04-17T07:59:57,NEW,51-2026-CC-001773-CCAX-WS,04/22/2026 11:00 AM ET,"10921 QUEENS RD PORT RICHEY, 34668","$13,800.96","$185,586.00","$13,800.96",15-25-16-019D-00000-4930
2026-04-17T07:59:57,NEW,51-2024-CA-001188-CAAX-ES,04/23/2026 11:00 AM ET,"16334 FREHLEY RUN LAND O LAKES, 34638","$415,621.88","$616,860.00","$415,621.88",18-26-18-0010-00Y00-0150
2026-04-17T07:59:57,NEW,51-2025-CA-002588-CAAX-WS,04/23/2026 11:00 AM ET,"12739 THIRD ISLE HUDSON, 34667","$384,060.47","$327,940.00","$384,060.47",04-25-16-0060-00000-0880
2026-04-17T07:59:57,NEW,51-2024-CA-000560-CAAX-WS,04/27/2026 11:00 AM ET,"4418 SENECA COURT NEW PORT RICHEY, 34653","$178,237.00","$167,420.00","$178,237.00",14-26-16-0090-00B00-0680
2026-04-17T07:59:57,NEW,51-2024-CA-002157-CAAX-WS,04/28/2026 11:00 AM ET,"2705 NARCISSUS DRIVE HOLIDAY, 34691","$204,641.03","$280,558.00","$204,641.03",35-26-15-003A-00000-3380
2026-04-17T07:59:57,NEW,51-2025-CA-001865-CAAX-ES,05/04/2026 11:00 AM ET,"7697 TUSCAN BAY CIR WESLEY CHAPEL, 33545","$270,254.66","$289,830.00","$270,254.66",34-25-20-0050-01200-0110
2026-04-17T07:59:57,NEW,51-2025-CA-003497-CAAX-WS,05/04/2026 11:00 AM ET,"15654 LANCER SPRING HILL, 34610","$52,413.80","$59,570.00",Hidden,01-24-17-0010-00001-6140
2026-04-17T07:59:57,NEW,51-2025-CA-003396-CAAX-WS,05/11/2026 11:00 AM ET,"3016 ALACHUA PLACE NEW PORT RICHEY, 34655","$63,303.72","$371,690.00","$63,303.72",19-26-17-0030-00100-0020
2026-04-17T07:59:57,NEW,51-2025-CA-000441-CAAX-WS,05/12/2026 11:00 AM ET,"4142 WOODFIELD AVE HOLIDAY, 34691","$254,627.96","$195,330.00","$254,627.96",19-26-16-006A-00000-3080
2026-04-17T07:59:57,NEW,51-2024-CA-000862-CAAX-WS,05/18/2026 11:00 AM ET,"7754 BRISBANE CT NEW PORT RICHEY, 34654","$272,313.79","$319,132.00",Hidden,32-25-17-0180-00000-0100
2026-04-17T07:59:57,NEW,51-2025-CA-002788-CAAX-ES,05/20/2026 11:00 AM ET,"25427 SEVEN RIVERS CIR LAND O LAKES, 34639","$92,511.82","$319,415.00","$92,511.82",22-26-19-0090-00200-0310
2026-04-17T07:59:57,NEW,51-2024-CA-000206-CAAX-ES,05/21/2026 11:00 AM ET,"16028 IVY LAKE DRIVE ODESSA, 33556","$1,038,030.64","$369,550.00","$1,038,030.64",31-26-18-0040-00400-0430
2026-04-17T07:59:57,NEW,51-2025-CA-001166-CAAX-ES,05/26/2026 11:00 AM ET,"12660 RETREAT PL SPRING HILL, 34610","$608,434.53","$541,837.00","$608,434.53",04-25-18-0100-01400-0530
2026-04-17T07:59:57,NEW,51-2024-CA-003044-CAAX-WS,06/09/2026 11:00 AM ET,"6840 RUNNEL DRIVE NEW PORT RICHEY, 34653","$296,338.68","$130,892.00","$296,338.68",03-26-16-0060-00000-1540
2026-04-17T07:59:57,NEW,51-2025-CA-000491-CAAX-WS,06/10/2026 11:00 AM ET,"4743 DRIFT TIDE DRIVE NEW PORT RICHEY, 34652","$273,458.78","$153,051.00","$273,458.78",18-26-16-0070-00F00-0100
2026-04-17T07:59:57,NEW,51-2025-CA-000737-CAAX-WS,06/10/2026 11:00 AM ET,"13623 VANDERBILT ROAD ODESSA, 33556","$449,640.97","$173,900.00","$449,640.97",27-26-17-0050-01200-0310
2026-04-20T03:02:31,NEW,51-2025-CA-002403-CAAX-WS,04/20/2026 11:00 AM ET,"8511 HORIZON LANE HUDSON, 34667","$346,410.97","$241,903.00","$346,410.97",14-24-16-004A-00000-2650
2026-04-20T03:02:31,NEW,51-2022-CA-001429-CAAX-ES,04/30/2026 11:00 AM ET,"12135 SCOTT DR DADE CITY, 33525","$275,414.18","$177,370.00","$275,414.18",03-25-21-0510-00A00-0021
2026-04-20T03:02:31,CLOSED,51-2019-CA-001161-CAAX-WS,04/20/2026 11:00 AM ET,"8747 WOLF DEN TR PORT RICHEY, 34668","$246,101.78","$249,860.00","$246,101.78",11-25-16-0130-00000-6510
2026-04-21T03:02:21,NEW,51-2025-CA-002950-CAAX-ES,04/21/2026 11:00 AM ET,"37743 FLORIDA AVE DADE CITY, 33525","$175,419.31","$116,110.00",Hidden,34-24-21-0030-00000-0240
2026-04-21T03:02:21,NEW,51-2025-CA-003020-CAAX-WS,04/23/2026 11:00 AM ET,"8018 WILDFLOWER ROW HUDSON, 34667","$205,637.60","$229,114.00","$205,637.60",02-25-16-051A-00000-0470
2026-04-21T03:02:21,CLOSED,51-2025-CA-001313-CAAX-WS,04/20/2026 11:00 AM ET,"11205 TYLER DRIVE PORT RICHEY, 34668","$309,495.22","$235,209.00","$143,880.00",10-25-16-056A-00000-2470
2026-04-21T03:02:21,CLOSED,51-2025-CA-002403-CAAX-WS,04/20/2026 11:00 AM ET,"8511 HORIZON LANE HUDSON, 34667","$346,410.97","$241,903.00","$346,410.97",14-24-16-004A-00000-2650
2026-04-21T03:02:21,CLOSED,51-2023-CA-000075-CAAX-ES,04/21/2026 11:00 AM ET,"31855 TALLY HO LANE WESLEY CHAPEL, 33543","$196,404.74","$121,780.00",Hidden,15-26-20-002E-01400-0100
2026-04-22T03:02:23,NEW,51-2025-CA-001574-CAAX-ES,05/21/2026 11:00 AM ET,"37255 HANNAH LN ZEPHYRHILLS , 33542-1832","$91,561.76","$229,650.00","$193,956.39",Property
2026-04-22T03:02:23,NEW,51-2019-CA-001161-CAAX-WS,06/22/2026 11:00 AM ET,"8747 WOLF DEN TR PORT RICHEY, 34668","$246,101.78","$249,860.00","$246,101.78",11-25-16-0130-00000-6510
2026-04-22T03:02:23,CLOSED,51-2025-CA-001745-CAAX-WS,04/21/2026 11:00 AM ET,"13743 BRYNDLEWOOD CT HUDSON, 34669","$456,912.28","$372,954.00",Hidden,36-24-16-0170-00000-5230
2026-04-22T03:02:23,CLOSED,51-2025-CA-002950-CAAX-ES,04/21/2026 11:00 AM ET,"37743 FLORIDA AVE DADE CITY, 33525","$175,419.31","$116,110.00",Hidden,34-24-21-0030-00000-0240
2026-04-23T03:02:17,NEW,51-2025-CC-004663-CCAX-ES,04/27/2026 11:00 AM ET,"4905 WESSEX WAY LAND O LAKES, 34639","$15,322.13","$314,343.00","$15,322.13",15-26-19-0070-01300-0760
2026-04-23T03:02:17,NEW,51-2025-CC-005443-CCAX-ES,04/27/2026 11:00 AM ET,"10684 PEPPER DAWN CIRCLE SAN ANTONIO, 33576","$7,753.00","$276,105.00","$7,753.00",15-25-20-0030-02300-0750
2026-04-23T03:02:17,NEW,51-2025-CA-000908-CAAX-WS,05/13/2026 11:00 AM ET,"12155 ENVIRONMENTAL DR # 1 NEW PORT RICHEY, 34654","$46,050.65","$116,933.00","$46,050.65",09-25-17-0080-97140-00A0
2026-04-23T03:02:17,NEW,51-2025-CC-004945-CCAX-ES,05/18/2026 11:00 AM ET,"25737 CRIPPEN DRIVE LAND O LAKES, 34639","$25,213.00","$161,320.00","$25,213.00",15-26-19-0120-00100-0280
2026-04-23T03:02:17,CLOSED,51-2026-CC-001773-CCAX-WS,04/22/2026 11:00 AM ET,"10921 QUEENS RD PORT RICHEY, 34668","$13,800.96","$185,586.00","$13,800.96",15-25-16-019D-00000-4930
2026-04-24T03:02:10,NEW,51-2025-CC-005597-CCAX-WS,04/27/2026 11:00 AM ET,"4901 ONYX LANE # 101 NEW PORT RICHEY, 34652","$38,188.79","$92,390.00","$38,188.79",07-26-16-0220-00500-1010
2026-04-24T03:02:10,NEW,51-2023-CA-003950-CAAX-ES,04/28/2026 11:00 AM ET,"31107 TAGUS WESLEY CHAPEL, 33545","$272,022.41","$156,160.00","$272,022.41",03-26-20-0030-01000-0450
2026-04-24T03:02:10,CLOSED,51-2024-CA-001188-CAAX-ES,04/23/2026 11:00 AM ET,"16334 FREHLEY RUN LAND O LAKES, 34638","$415,621.88","$616,860.00","$439,555.10",18-26-18-0010-00Y00-0150
2026-04-24T03:02:10,CLOSED,51-2025-CA-002588-CAAX-WS,04/23/2026 11:00 AM ET,"12739 THIRD ISLE HUDSON, 34667","$384,060.47","$327,940.00","$287,667.00",04-25-16-0060-00000-0880
2026-04-24T03:02:10,CLOSED,51-2025-CA-003020-CAAX-WS,04/23/2026 11:00 AM ET,"8018 WILDFLOWER ROW HUDSON, 34667","$205,637.60","$229,114.00","$170,300.00",02-25-16-051A-00000-0470
2026-04-27T03:02:11,NEW,51-2019-CA-003778-CAAX-WS,04/27/2026 11:00 AM ET,"9323 VIA SEGOVIA NEW PORT RICHEY, 34655","$204,318.79","$417,568.00",Hidden,12-26-16-0090-00000-0480
2026-04-27T03:02:11,NEW,51-2025-CA-003709-CAAX-ES,05/19/2026 11:00 AM ET,"37747 SILVER PINES ZEPHYRHILLS, 33542","$298,756.29","$132,796.00","$298,756.29",15-26-21-0030-09500-0030
2026-04-27T03:02:11,CLOSED,51-2024-CA-000560-CAAX-WS,04/27/2026 11:00 AM ET,"4418 SENECA COURT NEW PORT RICHEY, 34653","$178,237.00","$167,420.00","$178,237.00",14-26-16-0090-00B00-0680
2026-04-27T03:02:11,CLOSED,51-2022-CA-001429-CAAX-ES,04/30/2026 11:00 AM ET,"12135 SCOTT DR DADE CITY, 33525","$275,414.18","$177,370.00","$275,414.18",03-25-21-0510-00A00-0021
2026-04-28T03:02:12,NEW,51-2024-CC-003894-CCAX-ES,04/29/2026 11:00 AM ET,"3086 HOLLOW HICKORY PLACE WESLEY CHAPEL, 33543","$20,980.60","$555,170.00","$20,980.60",23-26-20-0070-00000-3520
2026-04-28T03:02:12,CLOSED,51-2019-CA-003778-CAAX-WS,04/27/2026 11:00 AM ET,"9323 VIA SEGOVIA NEW PORT RICHEY, 34655","$204,318.79","$417,568.00",Hidden,12-26-16-0090-00000-0480
2026-04-28T03:02:12,CLOSED,51-2025-CC-004663-CCAX-ES,04/27/2026 11:00 AM ET,"4905 WESSEX WAY LAND O LAKES, 34639","$15,322.13","$314,343.00","$16,162.48",15-26-19-0070-01300-0760
2026-04-28T03:02:12,CLOSED,51-2025-CC-005443-CCAX-ES,04/27/2026 11:00 AM ET,"10684 PEPPER DAWN CIRCLE SAN ANTONIO, 33576","$7,753.00","$276,105.00","$8,527.03",15-25-20-0030-02300-0750
2026-04-28T03:02:12,CLOSED,51-2025-CC-005597-CCAX-WS,04/27/2026 11:00 AM ET,"4901 ONYX LANE # 101 NEW PORT RICHEY, 34652","$38,188.79","$92,390.00","$38,188.79",07-26-16-0220-00500-1010
2026-04-29T03:00:08,CLOSED,51-2023-CA-003950-CAAX-ES,04/28/2026 11:00 AM ET,"31107 TAGUS WESLEY CHAPEL, 33545","$272,022.41","$156,160.00",Hidden,03-26-20-0030-01000-0450
2026-04-29T03:00:08,CLOSED,51-2024-CA-002157-CAAX-WS,04/28/2026 11:00 AM ET,"2705 NARCISSUS DRIVE HOLIDAY, 34691","$204,641.03","$280,558.00",Hidden,35-26-15-003A-00000-3380
2026-04-29T03:00:08,CLOSED,51-2024-CC-003894-CCAX-ES,04/29/2026 11:00 AM ET,"3086 HOLLOW HICKORY PLACE WESLEY CHAPEL, 33543","$20,980.60","$555,170.00","$20,980.60",23-26-20-0070-00000-3520
2026-04-29T03:00:08,CLOSED,51-2025-CA-001865-CAAX-ES,05/04/2026 11:00 AM ET,"7697 TUSCAN BAY CIR WESLEY CHAPEL, 33545","$270,254.66","$289,830.00","$270,254.66",34-25-20-0050-01200-0110
2026-04-29T03:00:08,CLOSED,51-2025-CA-003497-CAAX-WS,05/04/2026 11:00 AM ET,"15654 LANCER SPRING HILL, 34610","$52,413.80","$59,570.00",Hidden,01-24-17-0010-00001-6140
2026-04-29T03:00:08,CLOSED,51-2025-CA-003396-CAAX-WS,05/11/2026 11:00 AM ET,"3016 ALACHUA PLACE NEW PORT RICHEY, 34655","$63,303.72","$371,690.00","$63,303.72",19-26-17-0030-00100-0020
2026-04-29T03:00:08,CLOSED,51-2025-CA-000441-CAAX-WS,05/12/2026 11:00 AM ET,"4142 WOODFIELD AVE HOLIDAY, 34691","$254,627.96","$195,330.00","$254,627.96",19-26-16-006A-00000-3080
2026-04-29T03:00:08,CLOSED,51-2025-CA-000908-CAAX-WS,05/13/2026 11:00 AM ET,"12155 ENVIRONMENTAL DR # 1 NEW PORT RICHEY, 34654","$46,050.65","$116,933.00","$46,050.65",09-25-17-0080-97140-00A0
2026-04-29T03:00:08,CLOSED,51-2024-CA-000862-CAAX-WS,05/18/2026 11:00 AM ET,"7754 BRISBANE CT NEW PORT RICHEY, 34654","$272,313.79","$319,132.00",Hidden,32-25-17-0180-00000-0100
2026-04-29T03:00:08,CLOSED,51-2025-CC-004945-CCAX-ES,05/18/2026 11:00 AM ET,"25737 CRIPPEN DRIVE LAND O LAKES, 34639","$25,213.00","$161,320.00","$25,213.00",15-26-19-0120-00100-0280
2026-04-29T03:00:08,CLOSED,51-2025-CA-003709-CAAX-ES,05/19/2026 11:00 AM ET,"37747 SILVER PINES ZEPHYRHILLS, 33542","$298,756.29","$132,796.00","$298,756.29",15-26-21-0030-09500-0030
2026-04-29T03:00:08,CLOSED,51-2025-CA-002788-CAAX-ES,05/20/2026 11:00 AM ET,"25427 SEVEN RIVERS CIR LAND O LAKES, 34639","$92,511.82","$319,415.00","$92,511.82",22-26-19-0090-00200-0310
2026-04-29T03:00:08,CLOSED,51-2024-CA-000206-CAAX-ES,05/21/2026 11:00 AM ET,"16028 IVY LAKE DRIVE ODESSA, 33556","$1,038,030.64","$369,550.00","$1,038,030.64",31-26-18-0040-00400-0430
2026-04-29T03:00:08,CLOSED,51-2025-CA-001574-CAAX-ES,05/21/2026 11:00 AM ET,"37255 HANNAH LN ZEPHYRHILLS , 33542-1832","$91,561.76","$229,650.00","$193,956.39",Property
2026-04-29T03:00:08,CLOSED,51-2025-CA-001166-CAAX-ES,05/26/2026 11:00 AM ET,"12660 RETREAT PL SPRING HILL, 34610","$608,434.53","$541,837.00","$608,434.53",04-25-18-0100-01400-0530
2026-04-29T03:00:08,CLOSED,51-2024-CA-003044-CAAX-WS,06/09/2026 11:00 AM ET,"6840 RUNNEL DRIVE NEW PORT RICHEY, 34653","$296,338.68","$130,892.00","$296,338.68",03-26-16-0060-00000-1540
2026-04-29T03:00:08,CLOSED,51-2025-CA-000491-CAAX-WS,06/10/2026 11:00 AM ET,"4743 DRIFT TIDE DRIVE NEW PORT RICHEY, 34652","$273,458.78","$153,051.00","$273,458.78",18-26-16-0070-00F00-0100
2026-04-29T03:00:08,CLOSED,51-2025-CA-000737-CAAX-WS,06/10/2026 11:00 AM ET,"13623 VANDERBILT ROAD ODESSA, 33556","$449,640.97","$173,900.00","$449,640.97",27-26-17-0050-01200-0310
2026-04-29T03:00:08,CLOSED,51-2019-CA-001161-CAAX-WS,06/22/2026 11:00 AM ET,"8747 WOLF DEN TR PORT RICHEY, 34668","$246,101.78","$249,860.00","$246,101.78",11-25-16-0130-00000-6510
2026-05-01T03:02:06,NEW,51-2025-CA-001865-CAAX-ES,05/04/2026 11:00 AM ET,"7697 TUSCAN BAY CIR WESLEY CHAPEL, 33545","$270,254.66","$289,830.00","$270,254.66",34-25-20-0050-01200-0110
2026-05-01T03:02:06,NEW,51-2025-CA-003497-CAAX-WS,05/04/2026 11:00 AM ET,"15654 LANCER SPRING HILL, 34610","$52,413.80","$59,570.00",Hidden,01-24-17-0010-00001-6140
2026-05-01T03:02:06,NEW,51-2025-CA-003396-CAAX-WS,05/11/2026 11:00 AM ET,"3016 ALACHUA PLACE NEW PORT RICHEY, 34655","$63,303.72","$371,690.00","$63,303.72",19-26-17-0030-00100-0020
2026-05-01T03:02:06,NEW,51-2025-CA-000441-CAAX-WS,05/12/2026 11:00 AM ET,"4142 WOODFIELD AVE HOLIDAY, 34691","$254,627.96","$195,330.00","$254,627.96",19-26-16-006A-00000-3080
2026-05-01T03:02:06,NEW,51-2025-CA-000908-CAAX-WS,05/13/2026 11:00 AM ET,"12155 ENVIRONMENTAL DR # 1 NEW PORT RICHEY, 34654","$46,050.65","$116,933.00","$46,050.65",09-25-17-0080-97140-00A0
2026-05-01T03:02:06,NEW,51-2024-CA-000862-CAAX-WS,05/18/2026 11:00 AM ET,"7754 BRISBANE CT NEW PORT RICHEY, 34654","$272,313.79","$319,132.00",Hidden,32-25-17-0180-00000-0100
2026-05-01T03:02:06,NEW,51-2025-CC-004945-CCAX-ES,05/18/2026 11:00 AM ET,"25737 CRIPPEN DRIVE LAND O LAKES, 34639","$25,213.00","$161,320.00","$25,213.00",15-26-19-0120-00100-0280
2026-05-01T03:02:06,NEW,51-2025-CA-003709-CAAX-ES,05/19/2026 11:00 AM ET,"37747 SILVER PINES ZEPHYRHILLS, 33542","$298,756.29","$132,796.00","$298,756.29",15-26-21-0030-09500-0030
2026-05-01T03:02:06,NEW,51-2025-CA-002788-CAAX-ES,05/20/2026 11:00 AM ET,"25427 SEVEN RIVERS CIR LAND O LAKES, 34639","$92,511.82","$319,415.00","$92,511.82",22-26-19-0090-00200-0310
2026-05-01T03:02:06,NEW,51-2024-CA-000206-CAAX-ES,05/21/2026 11:00 AM ET,"16028 IVY LAKE DRIVE ODESSA, 33556","$1,038,030.64","$369,550.00","$1,038,030.64",31-26-18-0040-00400-0430
2026-05-01T03:02:06,NEW,51-2025-CA-001574-CAAX-ES,05/21/2026 11:00 AM ET,"37255 HANNAH LN ZEPHYRHILLS , 33542-1832","$91,561.76","$229,650.00","$193,956.39",Property
2026-05-01T03:02:06,NEW,51-2025-CA-001166-CAAX-ES,05/26/2026 11:00 AM ET,"12660 RETREAT PL SPRING HILL, 34610","$608,434.53","$541,837.00","$608,434.53",04-25-18-0100-01400-0530
2026-05-01T03:02:06,NEW,51-2024-CA-003044-CAAX-WS,06/09/2026 11:00 AM ET,"6840 RUNNEL DRIVE NEW PORT RICHEY, 34653","$296,338.68","$130,892.00","$296,338.68",03-26-16-0060-00000-1540
2026-05-01T03:02:06,NEW,51-2025-CA-000491-CAAX-WS,06/10/2026 11:00 AM ET,"4743 DRIFT TIDE DRIVE NEW PORT RICHEY, 34652","$273,458.78","$153,051.00","$273,458.78",18-26-16-0070-00F00-0100
2026-05-01T03:02:06,NEW,51-2025-CA-000737-CAAX-WS,06/10/2026 11:00 AM ET,"13623 VANDERBILT ROAD ODESSA, 33556","$449,640.97","$173,900.00","$449,640.97",27-26-17-0050-01200-0310
2026-05-01T03:02:06,NEW,51-2025-CC-005437-CCAX-ES,06/10/2026 11:00 AM ET,"30602 LATOURETTE DRIVE WESLEY CHAPEL, 33545","$6,086.24","$234,810.00","$6,086.24",33-25-20-0060-00400-0070
2026-05-01T03:02:06,NEW,51-2025-CC-007626-CCAX-WS,06/15/2026 11:00 AM ET,"5627 FERGUSON COURT NEW PORT RICHEY, 34652","$14,809.89","$129,161.00","$14,809.89",08-26-16-034A-00001-3040
2026-05-01T03:02:06,NEW,51-2025-CC-005256-CCAX-WS,06/16/2026 11:00 AM ET,"12548 LONGSTONE COURT TRINITY, 34655","$8,631.92","$283,460.00","$8,631.92",33-26-17-0090-00500-0160
2026-05-01T03:02:06,NEW,51-2019-CA-001161-CAAX-WS,06/22/2026 11:00 AM ET,"8747 WOLF DEN TR PORT RICHEY, 34668","$246,101.78","$249,860.00","$246,101.78",11-25-16-0130-00000-6510
2026-05-04T03:02:22,NEW,51-2025-CA-003084-CAAX-WS,05/04/2026 11:00 AM ET,"8335 GULF WAY HUDSON, 34667","$256,558.67","$112,490.00","$59,177.00",23-24-16-0260-00000-0120
2026-05-04T03:02:22,NEW,51-2025-CA-002675-CAAX-WS,05/13/2026 11:00 AM ET,"18923 ROLLING OAKS DRIVE HUDSON, 34667","$525,928.06","$498,390.00","$525,928.06",04-24-17-0030-00500-0100
2026-05-04T03:02:22,NEW,51-2025-CA-002581-CAAX-ES,05/14/2026 11:00 AM ET,"7556 23RD ST ZEPHYRHILLS, 33540","$156,585.61","$261,076.00","$156,585.61",36-25-21-0010-05400-0040
2026-05-04T03:02:22,NEW,51-2022-CA-001142-CAAX-WS,05/28/2026 11:00 AM ET,"11817 ALPINE PKWY PORT RICHEY, 34668","$81,542.62","$178,621.00","$81,542.62",10-25-16-0570-00000-3450
2026-05-04T03:02:22,NEW,51-2022-CA-001920-CAAX-WS,06/09/2026 11:00 AM ET,"4822 ARBOR OAKS BLVD NEW PORT RICHEY, 34653","$247,765.03","$191,740.00","$247,765.03",15-26-16-006A-00D00-0020
2026-05-05T03:03:07,NEW,51-2025-CA-003194-CAAX-WS,05/05/2026 11:00 AM ET,"6250 FLAG DR NEW PORT RICHEY, 34653","$185,111.92","$220,440.00",Hidden,16-26-16-0540-00000-7020
2026-05-05T03:03:07,NEW,51-2023-CA-000544-CAAX-WS,05/06/2026 11:00 AM ET,"2233 TAHITIAN DR HOLIDAY, 34691","$35,700.01","$183,596.00","$35,700.01",25-26-15-0020-00000-0940
2026-05-05T03:03:07,NEW,51-2022-CA-001807-CAAX-WS,05/07/2026 11:00 AM ET,"17113 HARMONY DR HUDSON, 34667","$96,585.27","$52,070.00","$96,585.27",07-24-17-0010-00000-0070
2026-05-05T03:03:07,NEW,51-2023-CA-000154-CAAX-ES,05/18/2026 11:00 AM ET,"24815 PORTOFINO DRIVE LUTZ, 33559","$133,633.53","$153,670.00","$133,633.53",33-26-19-0140-00000-1360
2026-05-05T03:03:07,NEW,51-2023-CA-004423-CAAX-WS,08/18/2026 11:00 AM ET,"12140 HUNTERS LAKE DR NEW PORT RICHEY, 34654","$151,782.76","$189,200.00","$151,782.76",04-25-17-0080-00000-0200
2026-05-05T03:03:07,CLOSED,51-2025-CA-001865-CAAX-ES,05/04/2026 11:00 AM ET,"7697 TUSCAN BAY CIR WESLEY CHAPEL, 33545","$270,254.66","$289,830.00",Hidden,34-25-20-0050-01200-0110
2026-05-05T03:03:07,CLOSED,51-2025-CA-003084-CAAX-WS,05/04/2026 11:00 AM ET,"8335 GULF WAY HUDSON, 34667","$256,558.67","$112,490.00","$59,177.00",23-24-16-0260-00000-0120
2026-05-05T03:03:07,CLOSED,51-2025-CA-003497-CAAX-WS,05/04/2026 11:00 AM ET,"15654 LANCER SPRING HILL, 34610","$52,413.80","$59,570.00",Hidden,01-24-17-0010-00001-6140
2026-05-06T03:03:08,NEW,51-2025-CA-002704-CAAX-ES,05/27/2026 11:00 AM ET,"1889 HOVENWEEP ROAD WESLEY CHAPEL, 33543","$7,906.97","$208,180.00","$7,906.97",35-26-20-0120-01300-0240
2026-05-06T03:03:08,NEW,51-2025-CA-000121-CAAX-ES,07/27/2026 11:00 AM ET,"19400 TIMBERBLUFF DR LAND O LAKES, 34638","$312,627.31","$121,470.00","$312,627.31",22-25-18-0030-00500-0040
2026-05-06T03:03:08,CLOSED,51-2025-CA-003194-CAAX-WS,05/05/2026 11:00 AM ET,"6250 FLAG DR NEW PORT RICHEY, 34653","$185,111.92","$220,440.00",Hidden,16-26-16-0540-00000-7020
2026-05-06T03:03:08,CLOSED,51-2022-CA-001807-CAAX-WS,05/07/2026 11:00 AM ET,"17113 HARMONY DR HUDSON, 34667","$96,585.27","$52,070.00","$96,585.27",07-24-17-0010-00000-0070
2026-05-06T03:03:08,CLOSED,51-2025-CA-003396-CAAX-WS,05/11/2026 11:00 AM ET,"3016 ALACHUA PLACE NEW PORT RICHEY, 34655","$63,303.72","$371,690.00","$63,303.72",19-26-17-0030-00100-0020
2026-05-07T03:02:59,NEW,51-2025-CC-001703-CCAX-ES,05/21/2026 11:00 AM ET,"36371 WELL HILL WAY ZEPHYRHILLS, 33541","$7,774.04","$221,570.00","$7,691.71",Property
2026-05-07T03:02:59,NEW,51-2025-CC-007566-CCAX-ES,05/26/2026 11:00 AM ET,"25810 CRIPPEN DR LAND O LAKES, 34639","$10,157.93","$334,700.00","$10,157.93",15-26-19-0120-00100-0350
2026-05-07T03:02:59,NEW,51-2026-CC-001773-CCAX-WS,05/26/2026 11:00 AM ET,"10921 QUEENS RD PORT RICHEY, 34668","$13,800.96","$185,586.00","$13,800.96",15-25-16-019D-00000-4930
2026-05-07T03:02:59,NEW,51-2025-CC-004344-CCAX-WS,06/02/2026 11:00 AM ET,"16806 HARLEY STREET HUDSON, 34667","$9,173.23","$109,068.00","$9,173.23",18-24-17-0020-00000-0470
2026-05-07T03:02:59,NEW,51-2025-CA-002342-CAAX-WS,08/04/2026 11:00 AM ET,"7313 MAKO DRIVE HUDSON, 34667","$507,889.91","$315,810.00","$507,889.91",22-24-16-0040-00000-1070
2026-05-07T03:02:59,NEW,51-2025-CA-003396-CAAX-WS,08/05/2026 11:00 AM ET,"3016 ALACHUA PLACE NEW PORT RICHEY, 34655","$63,303.72","$371,690.00","$63,303.72",19-26-17-0030-00100-0020
2026-05-07T03:02:59,CLOSED,51-2023-CA-000544-CAAX-WS,05/06/2026 11:00 AM ET,"2233 TAHITIAN DR HOLIDAY, 34691","$35,700.01","$183,596.00",Hidden,25-26-15-0020-00000-0940
2026-05-08T03:03:00,CLOSED,51-2025-CC-007566-CCAX-ES,05/26/2026 11:00 AM ET,"25810 CRIPPEN DR LAND O LAKES, 34639","$10,157.93","$334,700.00","$10,157.93",15-26-19-0120-00100-0350
2026-05-11T03:03:18,NEW,51-2024-CC-007119-CCAX-ES,05/11/2026 11:00 AM ET,"1118 WRIGHTSWYNDE COURT WESLEY CHAPEL, 33543","$2,948.75","$188,320.00","$8,629.74",34-26-20-0080-05200-0810
2026-05-11T03:03:18,NEW,51-2023-CA-000681-CAAX-WS,05/14/2026 11:00 AM ET,"7142 ARBORETUM WAY NEW PORT RICHEY, 34655","$414,120.92","$336,670.00","$414,120.92",27-26-16-0030-00000-0510
2026-05-11T03:03:18,NEW,51-2025-CC-004715-CCAX-ES,05/26/2026 11:00 AM ET,"10921 QUEENS RD PORT RICHEY, 34668","$11,078.00","$185,586.00","$13,800.96",Property
2026-05-11T03:03:18,NEW,51-2025-CA-002833-CAAX-WS,06/04/2026 11:00 AM ET,"14301 CLAMSHELL LANE HUDSON, 34667","$290,756.14","$162,484.00","$290,756.14",27-24-16-0110-00700-02B1
2026-05-11T03:03:18,NEW,51-2025-CA-002977-CAAX-WS,06/04/2026 11:00 AM ET,"12148 LUFTBURROW LANE HUDSON, 34669","$302,455.08","$234,240.00","$302,455.08",03-25-17-0070-00000-0360
2026-05-11T03:03:18,NEW,51-2025-CC-003223-CCAX-WS,06/15/2026 11:00 AM ET,"13651 MEADOW GREEN LANE HUDSON, 34669","$14,973.27","$265,786.00","$14,973.27",34-24-17-0070-00I00-0060
2026-05-11T03:03:18,NEW,51-2024-CA-000372-CAAX-ES,07/27/2026 11:00 AM ET,"16321 FISCUS DRIVE SPRING HILL, 34610","$495,823.12","$148,060.00","$495,823.12",06-24-18-0040-00002-3140
2026-05-11T03:03:18,CLOSED,51-2026-CC-001773-CCAX-WS,05/26/2026 11:00 AM ET,"10921 QUEENS RD PORT RICHEY, 34668","$13,800.96","$185,586.00","$13,800.96",15-25-16-019D-00000-4930
2026-05-12T03:03:16,NEW,51-2025-CC-007716-CCAX-WS,05/13/2026 11:00 AM ET,"1226 TOSCANO DRIVE TRINITY, 34655","$17,388.24","$848,006.00","$17,388.24",31-26-17-0170-00000-6140
2026-05-12T03:03:16,NEW,51-2025-CA-002664-CAAX-WS,05/14/2026 11:00 AM ET,"7305 DIANNE DR NEW PORT RICHEY, 34652","$93,814.60","$79,860.00","$93,814.60",31-25-16-0030-00A00-0160
2026-05-12T03:03:16,NEW,51-2025-CA-001266-CAAX-WS,07/28/2026 11:00 AM ET,"13933 NESBIT CT HUDSON, 34669","$407,783.50","$244,370.00","$407,783.50",34-24-17-0110-00000-4270
2026-05-12T03:03:16,CLOSED,51-2024-CC-007119-CCAX-ES,05/11/2026 11:00 AM ET,"1118 WRIGHTSWYNDE COURT WESLEY CHAPEL, 33543","$2,948.75","$188,320.00","$8,629.74",34-26-20-0080-05200-0810
2026-05-12T03:03:16,CLOSED,51-2025-CA-000737-CAAX-WS,06/10/2026 11:00 AM ET,"13623 VANDERBILT ROAD ODESSA, 33556","$449,640.97","$173,900.00","$449,640.97",27-26-17-0050-01200-0310
2026-05-13T03:03:17,NEW,51-2025-CA-000732-CAAX-WS,05/13/2026 11:00 AM ET,"13439 MARBLE SANDS CT HUDSON, 34669","$417,114.43","$229,900.00",Hidden,34-24-17-0120-00000-0220
2026-05-13T03:03:17,NEW,51-2025-CA-001312-CAAX-WS,05/14/2026 11:00 AM ET,"4640 TROPICAL LN HOLIDAY, 34690","$312,845.60","$161,645.00",Hidden,30-26-16-0100-00000-3930
2026-05-13T03:03:17,NEW,51-2025-CA-001652-CAAX-ES,07/22/2026 11:00 AM ET,"32516 SUMMERGLADE DR WESLEY CHAPEL, 33545","$608,608.72","$432,010.00","$608,608.72",35-25-20-0010-01700-0060
2026-05-13T03:03:17,CLOSED,51-2025-CA-000441-CAAX-WS,05/12/2026 11:00 AM ET,"4142 WOODFIELD AVE HOLIDAY, 34691","$254,627.96","$195,330.00","$109,150.00",19-26-16-006A-00000-3080
